{
    "AR": {
        "name": "ARGENTINA",
        "states": {
            "BA": "BUENOS AIRES",
            "CA": "CA",
            "CB": "CB",
            "CD": "CD",
            "CH": "CH",
            "CR": "CR",
            "ER": "ER",
            "FO": "FO",
            "LP": "LP",
            "LR": "LR",
            "MD": "MD",
            "MI": "MI",
            "NE": "NE",
            "PJ": "PJ",
            "RN": "RN",
            "SA": "SA",
            "SC": "SC",
            "SE": "SE",
            "SF": "SF",
            "SJ": "SJ",
            "SL": "SL",
            "TF": "TF",
            "TU": "TU"
        }
    },
    "AU": {
        "name": "AUSTRALIA",
        "states": {
            "AC": "AUSTRALIAN CAPITAL TERRITORY",
            "NS": "NEW SOUTH WALES",
            "NT": "NORTHERN TERRITORY",
            "QL": "QUEENSLAND",
            "SA": "SOUTH AUSTRALIA",
            "TS": "TASMANIA",
            "VI": "VICTORIA",
            "WA": "WESTERN AUSTRALIA"
        }
    },
    "BR": {
        "name": "BRAZIL",
        "states": {
            "AC": "ACRE",
            "AL": "ALAGOAS",
            "AM": "AMAZONAS",
            "AP": "AMAPA",
            "BA": "BAHIA",
            "CE": "CEARA",
            "DF": "DISTRITO FEDERAL",
            "ES": "ESPIRITO SANTO",
            "FN": "FERNANDO DE NORONHA",
            "GO": "GOIAS",
            "MA": "MARANHAO",
            "MG": "MINAS GERAIS",
            "MS": "MATO GROSSO DO SUL",
            "MT": "MATO GROSSO",
            "PA": "PARA",
            "PB": "PARAIBA",
            "PE": "PERNAMBUCO",
            "PI": "PIAUI",
            "PR": "PARANA",
            "RJ": "RIO DE JANEIRO",
            "RN": "RIO GRANDE DO NORTE",
            "RO": "RONDONIA",
            "RR": "RORAIMA",
            "RS": "RIO GRANDE DO SUL",
            "SC": "SANTA CATARINA",
            "SE": "SERGIPE",
            "SP": "SAO PAULO",
            "TO": "TOCANTINS"
        }
    },
    "CA": {
        "name": "CANADA",
        "states": {
            "AB": "ALBERTA",
            "BC": "BRITISH COLUMBIA",
            "MB": "MANITOBA",
            "NB": "NEW BRUNSWICK",
            "NL": "NEWFOUNDLAND AND LABRADOR",
            "NS": "NOVA SCOTIA",
            "NT": "NORTHWEST TERRITORIES",
            "NU": "NUNAVUT",
            "ON": "ONTARIO",
            "PE": "PRINCE EDWARD ISLAND",
            "QC": "QUEBEC",
            "SK": "SASKATCHEWAN",
            "YT": "YUKON"
        }
    },
    "CH": {
        "name": "SWITZERLAND",
        "states": {
            "AG": "Aargau",
            "AI": "Appenzell Innerrhoden",
            "AR": "Appenzell Ausserrhoden",
            "BE": "Bern",
            "BL": "Basel-Landschaft",
            "BS": "Basel-Stadt",
            "FR": "Fribourg",
            "GE": "Geneva",
            "GL": "Glarus",
            "GR": "Graubünden",
            "JU": "Jura",
            "LU": "Lucerne",
            "NE": "Neuchâtel",
            "NW": "Nidwalden",
            "OW": "Obwalden",
            "SG": "St. Gallen",
            "SH": "Schaffhausen",
            "SO": "Solothurn",
            "SZ": "Schwyz",
            "TG": "Thurgau",
            "TI": "Ticino",
            "UR": "Uri",
            "VD": "Vaud",
            "VS": "Valais",
            "ZG": "Zug",
            "ZH": "Zurich"
        }
    },
    "CN": {
        "name": "CHINA",
        "states": {
            "AI": "ANHUI",
            "AN": "HAINAN",
            "BJ": "BEIJING",
            "CD": "PINGTAN. FUJIAN",
            "CQ": "CHONGQING",
            "FN": "FUJIAN",
            "GG": "GUANGDONG",
            "GI": "GUANGXI",
            "GU": "GANSU",
            "GZ": "GUIZHOU",
            "HA": "HUNAN",
            "HG": "HEILONGJIANG",
            "HI": "HEBEI",
            "HN": "HENAN",
            "HU": "HUBEI",
            "IA": "INNER MONGOLIA",
            "JI": "JIANGXI",
            "JN": "JILIN",
            "JU": "JIANGSU",
            "LG": "LIAONING",
            "NI": "NINGXIA HUI",
            "QI": "QINGHAI",
            "SA": "SHANGHAI",
            "SG": "SHANDONG",
            "SH": "SHAANXI",
            "SI": "SHANXI",
            "SN": "SICHUAN",
            "TN": "TIANJIN",
            "UR": "UYGUR",
            "XG": "XINJIANG",
            "YN": "YUNNAN",
            "ZG": "ZHEJIANG"
        }
    },
    "DO": {
        "name": "DOMINICAN REP",
        "states": {
            "DN": "DN"
        }
    },
    "ES": {
        "name": "SPAIN",
        "states": {
            "A": "ALICANTE",
            "AB": "ALBACETE",
            "AL": "ALMERIA",
            "AV": "AVILA",
            "B": "BARCELONA",
            "BA": "BADAJOZ",
            "BI": "VIZCAYA",
            "BU": "BURGOS",
            "C": "CORUNA, A",
            "C4": "LLEIDA",
            "C5": "ANDORRA",
            "CA": "CADIZ",
            "CC": "CACERES",
            "CE": "CEUTA",
            "CO": "CORDOBA",
            "CR": "CIUDAD REAL",
            "CS": "CASTELLON",
            "CU": "CUENCA",
            "GC": "LAS PALMAS",
            "GI": "GIRONA",
            "GR": "GRANADA",
            "GU": "GUADALAJARA",
            "H": "HUELVA",
            "HU": "HUESCA",
            "J": "JAEN",
            "L": "LLEIDA",
            "LE": "LEON",
            "LO": "LA RIOJA",
            "LU": "LUGO",
            "M": "MADRID",
            "MA": "MALAGA",
            "ML": "MELILLA",
            "MU": "MURCIA",
            "NA": "NAVARRA",
            "O": "ASTURIAS",
            "OR": "ORENSE",
            "P": "PALENCIA",
            "PM": "BALEARES",
            "PO": "PONTEVEDRA",
            "S": "CANTABRIA",
            "SA": "SALAMANCA",
            "SE": "SEVILLE",
            "SG": "SEGOVIA",
            "SO": "SORIA",
            "SS": "GUIPUZCOA",
            "T": "TARRAGONA",
            "TE": "TERUEL",
            "TF": "SANTA CRUZ DE TENERIFE",
            "TO": "TOLEDO",
            "V": "VALENCIA",
            "VA": "VALLADOLID",
            "VI": "ALAVA",
            "Z": "ZARAGOZA",
            "ZA": "ZAMORA"
        }
    },
    "IT": {
        "name": "ITALY",
        "states": {
            "AG": "AGRIGENTO",
            "AL": "ALESSANDRIA",
            "AN": "ANCONA",
            "AO": "AOSTA",
            "AP": "ASCOLI PICENO",
            "AQ": "L AQUILA",
            "AR": "AREZZO",
            "AT": "ASTI",
            "AV": "AVELLINO",
            "BA": "BARI",
            "BG": "BERGAMO",
            "BI": "BIELLA",
            "BL": "BELLUNO",
            "BN": "BENEVENTO",
            "BO": "BOLOGNA",
            "BR": "BRINDISI",
            "BS": "BRESCIA",
            "BZ": "BOLZANO",
            "CA": "CAGLIARI",
            "CB": "CAMPOBASSO",
            "CE": "CASERTA",
            "CH": "CHIETI",
            "CL": "CALTANISSETTA",
            "CN": "CUNEO",
            "CO": "COMO",
            "CR": "CREMONA",
            "CS": "COSENZA",
            "CT": "CATANIA",
            "CZ": "CATANZARO",
            "EN": "ENNA",
            "FC": "FORLI CESENA",
            "FE": "FERRARA",
            "FG": "FOGGIA",
            "FI": "FIRENZE",
            "FR": "FROSINONE",
            "GE": "GENOVA",
            "GO": "GORIZIA",
            "GR": "GROSSETO",
            "IM": "IMPERIA",
            "IS": "ISERNIA",
            "KR": "CROTONE",
            "LC": "LECCO",
            "LE": "LECCE",
            "LI": "LIVORNO",
            "LO": "LODI",
            "LT": "LATINA",
            "LU": "LUCCA",
            "MC": "MACERATA",
            "ME": "MESSINA",
            "MI": "MILANO",
            "MN": "MANTOVA",
            "MO": "MODENA",
            "MS": "MASSA CARRARA",
            "MT": "MATERA",
            "NA": "NAPOLI",
            "NO": "NOVARA",
            "NU": "NUORO",
            "OR": "ORISTANO",
            "PA": "PALERMO",
            "PC": "PIACENZA",
            "PD": "PADOVA",
            "PE": "PESCARA",
            "PG": "PERUGIA",
            "PI": "PISA",
            "PN": "PORDENONE",
            "PO": "PRATO",
            "PR": "PARMA",
            "PT": "PIATOIA",
            "PU": "PESARO E URBINO",
            "PV": "PAVIA",
            "PZ": "POTENZA",
            "RA": "RAVENNA",
            "RC": "REGGIO CALABRIA",
            "RE": "REGGIO EMILIA",
            "RG": "RAGUSA",
            "RI": "RIETI",
            "RM": "ROMA",
            "RN": "RIMINI",
            "RO": "ROVIGO",
            "SA": "SALERNO",
            "SI": "SIENA",
            "SO": "SONDRIO",
            "SP": "LA SPEZIA",
            "SR": "SIRACUSA",
            "SS": "SASSARI",
            "SV": "SAVONA",
            "TA": "TARANTO",
            "TE": "TERAMO",
            "TN": "TRENTO",
            "TO": "TORINO",
            "TP": "TRAPANI",
            "TR": "TERNI",
            "TS": "TRIESTE",
            "TV": "TREVISO",
            "UD": "UDINE",
            "VA": "VARESE",
            "VB": "VERBANO-CUSIO-OSSOLA",
            "VC": "VERCELLI",
            "VE": "VENICE",
            "VI": "VICENZA",
            "VR": "VERONA",
            "VT": "VITERBO",
            "VV": "VIBO VALENTIA"
        }
    },
    "KZ": {
        "name": "KAZAKHSTAN",
        "states": {
            "AK": "AKTOBE",
            "AL": "ALMATY",
            "AT": "ATYRAU",
            "KA": "KARAGANDY",
            "KU": "KOSTANAY",
            "MA": "MANGYSTAU",
            "O1": "KOKSHETAU",
            "O2": "SEMIPALATINSK ",
            "O3": "TALDYKORGAN",
            "O4": "ZHEZKAZGAN",
            "PA": "PAVLODAR",
            "SE": "NORTH KAZAKHSTAN",
            "VO": "EAST KAZAKHSTAN",
            "YU": "SOUTH KAZAKHSTAN",
            "ZA": "WEST KAZAKHSTAN",
            "ZH": "ZHAMBYL"
        }
    },
    "MX": {
        "name": "MEXICO",
        "states": {
            "AG": "AGUASCALIENTES",
            "BC": "BAJA CALIFORNIA",
            "BS": "BAJA CALIFORNIA SOUTH",
            "CA": "CAMPECHE",
            "CH": "CHIHUAHUA",
            "CL": "COAHUILA",
            "CO": "COLIMA",
            "CS": "CHIAPAS",
            "DF": "DISTRITO FEDERAL",
            "DG": "DURANGO",
            "GR": "GUERRERO",
            "GT": "GUANAJUATO",
            "HG": "HIDALGO",
            "JA": "JALISCO",
            "ME": "MEXICO",
            "MI": "MICHOACAN",
            "MO": "MORELOS",
            "NA": "NAYARIT",
            "NL": "NUEVO LEON",
            "OA": "OAXACA",
            "PU": "PUEBLA",
            "QO": "QUERETARO",
            "QR": "QUINTANA ROO",
            "SI": "SINALOA",
            "SL": "SAN LUIS POTOSI",
            "SO": "SONORA",
            "TB": "TABASCO",
            "TL": "TLAXCALA",
            "TM": "TAMAULIPAS",
            "VE": "VERACRUZ",
            "YU": "YUCATAN",
            "ZA": "ZACATECAS"
        }
    },
    "PG": {
        "name": "PAPUA NEW GUINEA",
        "states": {
            "BO": "BOUGAINVILLE",
            "CD": "NATIONAL CAPITAL DISTRICT",
            "CE": "CENTRAL",
            "CH": "CHIMBU",
            "EG": "ENGA",
            "EH": "EASTERN HIGHLANDS",
            "EN": "EAST NEW BRITAIN",
            "ES": "EAST SEPIK",
            "GU": "GULF",
            "MD": "MADANG",
            "MI": "MILNE BAY",
            "MN": "MANUS",
            "MO": "MOROBE",
            "NI": "NEW IRELAND",
            "NS": "NORTHERN",
            "OR": "ORO",
            "SA": "SANDAUN",
            "SH": "SOUTHERN HIGHLANDS",
            "WE": "WESTERN",
            "WH": "WESTERN HIGHLANDS",
            "WN": "WEST NEW BRITAIN",
            "WS": "WEST SEPIK"
        }
    },
    "US": {
        "name": "United States of America",
        "states": {
            "AK": "ALASKA",
            "AL": "ALABAMA",
            "AR": "ARKANSAS",
            "AZ": "ARIZONA",
            "CA": "CALIFORNIA",
            "CO": "COLORADO",
            "CT": "CONNECTICUT",
            "DC": "DISTRICT OF COLUMBIA",
            "DE": "DELAWARE",
            "FL": "FLORIDA",
            "FM": "FEDERATED STATES OF MICRONESIA",
            "GA": "GEORGIA",
            "GU": "GUAM",
            "HI": "HAWAII",
            "IA": "IOWA",
            "ID": "IDAHO",
            "IL": "ILLINOIS",
            "IN": "INDIANA",
            "KS": "KANSAS",
            "KY": "KENTUCKY",
            "LA": "LOUISIANA",
            "MA": "MASSACHUSETTS",
            "MD": "MARYLAND",
            "ME": "MAINE",
            "MH": "MARSHALL ISLANDS",
            "MI": "MICHIGAN",
            "MN": "MINNESOTA",
            "MO": "MISSOURI",
            "MP": "NORTHERN MARIANA ISLANDS",
            "MS": "MISSISSIPPI",
            "MT": "MONTANA",
            "NC": "NORTH CAROLINA",
            "ND": "NORTH DAKOTA",
            "NE": "NEBRASKA",
            "NH": "NEW HAMPSHIRE",
            "NJ": "NEW JERSEY",
            "NM": "NEW MEXICO",
            "NV": "NEVADA",
            "NY": "NEW YORK",
            "OH": "OHIO",
            "OK": "OKLAHOMA",
            "OR": "OREGON",
            "PA": "PENNSYLVANIA",
            "PR": "PUERTO RICO",
            "PW": "PALAU",
            "RI": "RHODE ISLAND",
            "SC": "SOUTH CAROLINA",
            "SD": "SOUTH DAKOTA",
            "TN": "TENNESSEE",
            "TX": "TEXAS",
            "UT": "UTAH",
            "VA": "VIRGINIA",
            "VI": "VIRGIN ISLANDS",
            "VT": "VERMONT",
            "WA": "WASHINGTON",
            "WI": "WISCONSIN",
            "WV": "WEST VIRGINIA",
            "WY": "WYOMING"
        }
    },
    "UZ": {
        "name": "UZBEKISTAN",
        "states": {
            "BU": "BUKHARA",
            "FA": "FERGHANA",
            "NG": "NAMANGAN",
            "NW": "NAVOI",
            "QR": "KARAKALPAKSTAN",
            "SA": "SAMARKAND",
            "TO": "TASHKENT"
        }
    },
    "VE": {
        "name": "VENEZUELA",
        "states": {
            "AM": "AMAZONAS",
            "AN": "ANZOATEGUI",
            "AP": "APURE",
            "AR": "ARAGUA",
            "BA": "BARINAS",
            "BO": "BOLIVAR",
            "CA": "CARABOBO",
            "CO": "COJEDES",
            "DE": "DELTA AMACURO",
            "DT": "DISTRITO CAPITAL",
            "FA": "FALCON",
            "GU": "GUARICO",
            "LA": "LARA",
            "ME": "MERIDA",
            "MI": "MIRANDA",
            "MO": "MONAGAS",
            "NU": "NUEVA ESPARTA",
            "PO": "PORTUGUESA",
            "SU": "SUCRE",
            "TA": "TACHIRA",
            "TR": "TRUJILLO",
            "VA": "VARGAS",
            "YA": "YARACUY",
            "ZU": "ZULIA"
        }
    }
}
