{"AU":{"name":"Australia","states":{"ACT":"Aust Cap. Territory","NSW":"New South Wales","NT":"Northern Territory","QLD":"Queensland","SA":"South Australia","TAS":"Tasmania","VIC":"Victoria","WA":"Western Australia"}},"CN":{"name":"Mainland China","states":{"AHS":"Anhui Province","BAV":"Baotou (Inner Mongolia)","PEK":"Beijing","CZX":"Changzhou (Jiangsu)","CKG":"Chongqing","DLN":"Dalian (Liaoning)","DON":"Dongguan (Guangdong)","FJS":"Fujian Province","GSS":"Gansu Province","GDS":"Guangdong Province","GXZ":"Guangxi Province","CAN":"Guangzhou (Guangdong)","GZS":"Guizhou Province","HAK":"Haikou (Hainan)","HNS":"Hainan Province","HGH":"Hangzhou (Zhejiang)","HBS":"Hebei Province","HLJ":"Heilongjiang Prov","HEN":"Henan Province","HUS":"Hubei Province","HET":"Huhhot (Inner Mongolia)","HUN":"Hunan Province","JSS":"Jiangsu Province","JXS":"Jiangxi Province","JLS":"Jilin Province","KUN":"Kunshan (Jiangsu)","LXA":"Lhasa (Tibet)","LNS":"Liaoning Province","NZH":"Manzhouli (Inner Mongolia)","NKG":"Nanjing (Jiangsu)","NMZ":"Inner Mongolia","NXZ":"Ningxia","QHS":"Qinghai Province","TAO":"Qingdao (Shandong)","QUF":"Qufu (Shandong)","SYX":"Sanya (Hainan)","SDS":"Shandong Province","SHA":"Shanghai","SIS":"Datong (Shanxi)","SXS":"Xian (Shaanxi)","SHE":"Shenyang (Liaoning)","SZX":"Shenzhen (Guangdong)","SCS":"Sichuan Province","SZH":"Suzhou (Jiangsu)","TSN":"Tianjin","WNZ":"Wenzhou (Zhejiang)","XJW":"Xinjiang","XZZ":"Xizang","YGZ":"Yangzhou (Jiangsu)","YNS":"Yunnan","ZJS":"Zhejiang Province","CGO":"Zhengzhou (Henan)","GDZ":"Zhongshan (Guangdong)","ZUH":"Zhuhai (Guangdong)"}},"IN":{"name":"India","states":{"AN":"Andaman & Nicobar","AP":"Andhra Pradesh","AR":"Arunachal Pradesh","AS":"Assam","BR":"Bihar","CHD":"Changigarh","CT":"Chhattisgarh","DHH":"Dadra & Nagar Haveli","DD":"Daman & Diu","DEL":"Delhi","GOA":"Goa","GUJ":"Gujarat","HR":"Haryana","HP":"Himachal Pradesh","JK":"Jammu & Kashmir","JH":"Jharkhand","KRN":"Karnataka","KER":"Kerala","LKP":"Lakshadweep","MP":"Madhya Pradesh","MAH":"Maharashtra","MNP":"Manipur","MEG":"Meghalaya","MIZ":"Mizoram","NLD":"Nagaland","OR":"Orissa","PDY":"Pondicherry","PB":"Punjab","RAJ":"Rajasthan","SKM":"Sikkim","TN":"Tamil Nadu","TRP":"Tripura","UP":"Uttar Pradesh","UL":"Uttaranchai","WB":"West Bengal"}},"IE":{"name":"Ireland(Eire)","states":{"CAR":"Carlow","CAV":"Cavan","CLA":"Clare","COR":"Cork","DON":"Donegal","DUB":"Dublin","GAL":"Galway","KER":"Kerry","KID":"Kildare","KIK":"Kilkenny","LEX":"Laois","LET":"Leitrim","LIM":"Limerick","LOG":"Longford","LOU":"Louth","MAY":"Mayo","MEA":"Meath","MOG":"Monaghan","OFF":"Offaly","ROS":"Roscommon","SLI":"Sligo","TIP":"Tipperary","WAT":"Waterford","WEM":"Westmeath","WEX":"Wexford","WIC":"Wicklow"}},"JP":{"name":"Japan","states":{"01":"Hokkaido","02":"Aomori","03":"Iwate","04":"Miyaga","05":"Akita","06":"Yamagata","07":"Fukushima","08":"Ibaraki","09":"Tochigi","10":"Gunma","11":"Saitama","12":"Chiba","13":"Tokyo","14":"Kanagawa","15":"Niigata","16":"Toyama","17":"Ishikawa","18":"Fukui","19":"Yamanashi","20":"Nagano","21":"Gifu","22":"Shizuoka","23":"Aichi","24":"Mie","25":"Shiga","26":"Kyoto","27":"Osaka","28":"Hyogo","29":"Nara","30":"Wakayama","31":"Tottori","32":"Shimane","33":"Okayama","34":"Hiroshima","35":"Yamaguchi","36":"Tokushima","37":"Kagawa","38":"Ehime","39":"Kochi","40":"Fukuoka","41":"Saga","42":"Nagasaki","43":"Kumamoto","44":"Oita","45":"Miyazaki","46":"Kagoshima","47":"Okinawa"}},"MY":{"name":"Malaysia","states":{"JH":"Johor","KD":"Kedah","KT":"Kelantan","KL":"Kuala Lumpur W.P.","LB":"Labuan W.P","ML":"Melaka","NS":"Negeri Sembilan","PH":"Pahang","PG":"Penang","PK":"Perak","PL":"Perlis","SB":"Sabah","SW":"Sarawak","SL":"Selangor","TG":"Terengganu","WP":"Wilayah P T Putrajaya"}},"RU":{"name":"Russian Federation","states":{"AD":"Adygeya, Respublika","AL":"Altay, Respublika","ALT":"Altayskiy Kray","AMU":"Amurskaya Oblast","ARK":"Arkhangel\u2019skaya Oblast","AST":"Astrakhanskaya Oblast","BA":"Bashkortostan, Respublika","BEL":"Belgorodskaya Oblast","BRY":"Bryanskaya Oblast","BU":"Buryatiya, Respublika","CE":"Chechenskaya Respublika","CHE":"Chelyabinskaya Oblast","CHU":"Chukotskiy Avtonomnyy Okrug","CU":"Chuvashskaya, Respublika","DA":"Dagestan, Respublika","IN":"Ingushetiya, Respublika","IRK":"Irkutskaya Olast","IVA":"Ivanovskaya Olast","KAM":"Kamchatskiy Kray","KB":"Kabardino-Balkarskaya, Respublika","KC":"Karachayevo-Cherkesskaya, Respublika","KDA":"Krasnodarskiy Kray","KEM":"Kemerovskaya Oblast","KGD":"Kaliningradskaya Oblast","KGN":"Kurganskaya Oblast","KHA":"Khabarovskiy Kray","KHM":"Khanty-Mansiyskiy avtonomnyy okrug-Yugra","KIR":"Kirovskaya Oblast","KK":"Khakasiya, Respublika","KL":"Kalmykiya, Respublika","KLU":"Kaluzhskaya Oblast","KO":"Komi, Respublika","KOS":"Kostromskaya Oblast","KR":"Kareliya, Respublika","KRS":"Kurskaya Oblast","KYA":"Krasnoyarskiy Kray","LEN":"Leningradskaya Oblast","LIP":"Lipetskaya Oblast","MAG":"Magadanskaya Oblast","ME":"Mariy El, Respublika","MO":"Mordoviya, Respublika","MOS":"Moskovskaya Oblast","MOW":"Moscow (Federal City)","MUR":"Murmanskaya Oblast","NEN":"Nenetskiy Avtonomnyy Okrug","NGR":"Novgorodskaya Oblast","NIZ":"Nizhegorodskaya Oblast","NVS":"Novosibirskaya Oblast","OMS":"Omskaya Oblast","ORE":"Orenburgskaya Oblast","ORL":"Orlovskaya Oblast","PER":"Permskiy Kray","PNZ":"Penzenskaya Oblast","PRI":"Primorskiy Kray","PSK":"Pskovskaya Oblast","ROS":"Rostovskaya Oblast","RYA":"Ryazanskaya Oblast","SA":"Sakha (Yakutiya), Respublika","SAK":"Sakhalinskaya Oblast","SAM":"Samarskaya Oblast","SAR":"Saratovskaya Oblast","SE":"Severnaya Osetiya-Alaniya, Respublika","SMO":"Smolenskaya Oblast","SPE":"St. Petersburg (Federal City)","STA":"Stavropol\u2019skiy Kray","SVE":"Sverdlovskaya Oblast","TA":"Tatarstan, Respublika","TAM":"Tambovskaya Oblast","TOM":"Tomskaya Oblast","TUL":"Tul\u2019skaya Oblast","TVE":"Tverskaya Oblast","TY":"Tyva (Tuva), Respublika","TYU":"Tyumenskaya Oblast","UD":"Udmurtskaya Respublika","ULY":"Ul\u2019yanovskaya Oblast","VGG":"Volgogradskaya Oblast","VLA":"Vladimirskaya Oblast","VLG":"Vologodskaya Oblast","VOR":"Voronezhskaya Oblast","YAN":"Yamalo-Nenetskiy Avtonomnyy Okrug","YAR":"Yaroslavskaya Oblast","YEV":"Yevreyskaya Avtonomnaya Oblast","ZAB":"Zabaykal\u2019skiy Kray"}},"AE":{"name":"United Arab Emirates","states":{"AUH":"Abu Dhabi","DXB":"Dubai","SHJ":"Sharjah","AJM":"Ajman","UIK":"Umm al-Qaiwain","RKT":"Ras al-Khaimah","FJR":"Fujairah"}},"GB":{"name":"United Kingdom","states":{"AVN":"Avon","BDF":"Bedfordshire","BEL":"Belfast (N. Ireland)","BRK":"Berkshire","BOR":"Borders (Scotland)","BKM":"Buckinghamshire","CAM":"Cambridgeshire","CEN":"Central (Scotland)","CHS":"Cheshire","CLV":"Cleveland","CWD":"Clwyd (Wales)","CON":"Cornwall","ANT":"County Antrim (N. Ireland)","DOW":"County Down (N. Ireland)","LDY":"County Londonderry (N. Ireland)","ARM":"County Armagh (N. Ireland)","FER":"County Fermanagh (N. Ireland)","TYR":"County Tyrone (N. Ireland)","CMA":"Cumbria","DBY":"Derbyshire","DEV":"Devon","DOR":"Dorset","DGY":"Dumfries & Galloway (Scotland)","DUR":"Durham","DFD":"Dyfed (Wales)","SXE":"East Sussex","ESS":"Essex","FIF":"Fife (Scotland)","GLS":"Gloucestershire","GMP":"Grampian (Scotland)","LON":"Greater London","GTM":"Greater Manchester","GNT":"Gwent (Wales)","GWN":"Gwynedd (Wales)","HAM":"Hampshire","HWR":"Hereford & Worcester","HRT":"Hertfordshire","HLD":"Highland (Scotland)","HUM":"Humberside","IOW":"Isle Of Wight","IOS":"Isles of Scilly","KEN":"Kent","LAN":"Lancashire","LEI":"Leicestershire","LIN":"Lincolnshire","LTN":"Lothian (Scotland)","MSY":"Merseyside","MGM":"Mid Glamorgan-Wales","NFK":"Norfolk","NYK":"North Yorkshire","NTH":"Northamptonshire","NBL":"Northumberland","NTT":"Nottinghamshire","OKI":"Orkney (Scotland)","OXF":"Oxfordshire","POW":"Powys (Wales)","SHI":"Shetland (Scotland)","SAL":"Shropshire","SOM":"Somerset","SGM":"South Glamorgan (Wales)","SYK":"South Yorkshire","STS":"Staffordshire","STD":"Strathclyde (Scotland)","SFK":"Suffolk","SRY":"Surrey","TAY":"Tayside (Scotland)","TWR":"Tyne & Wear","WAR":"Warwickshire","WGM":"West Glamorgan (Wales)","WMD":"West Midland","SXW":"West Sussex","WYK":"West Yorkshire","WIS":"Western Isles (Scotland)","WIL":"Wiltshire"}},"CA":{"name":"Canada","states":{"AB":"Alberta","BC":"British Columbia","MB":"Manitoba","NB":"New Brunswick","NL":"Newfoundland","NT":"Northwest Territory","NS":"Nova Scotia","ON":"Ontario","PE":"Prince Edward Island","QC":"Quebec","SK":"Saskatchewan","YT":"Yukon Territories"}},"US":{"name":"United States","states":{"AL":"Alabama","AK":"Alaska","AS":"American Samoa","AZ":"Arizona","AR":"Arkansas","AA":"Armed Forces America","AE":"Armed Forces Europe","AP":"Armed Forces Pacific","CA":"California","CO":"Colorado","CT":"Connecticut","DE":"Delaware","DC":"District of Columbia","FL":"Florida","GA":"Georgia","HI":"Hawaii","ID":"Idaho","IL":"Illinois","IN":"Indiana","IA":"Iowa","KS":"Kansas","KY":"Kentucky","LA":"Louisiana","ME":"Maine","MD":"Maryland","MA":"Massachusetts","MI":"Michigan","MN":"Minnesota","MS":"Mississippi","MO":"Missouri","MT":"Montana","NE":"Nebraska","NV":"Nevada","NH":"New Hampshire","NJ":"New Jersey","NM":"New Mexico","NY":"New York","NC":"North Carolina","ND":"North Dakota","MP":"Northern Mariana Islands","OH":"Ohio","OK":"Oklahoma","OR":"Oregon","PA":"Pennsylvania","PR":"Puerto Rico","RI":"Rhode Island","SC":"South Carolina","SD":"South Dakota","TN":"Tennessee","TX":"Texas","UT":"Utah","VT":"Vermont","VI":"Virgin Islands","VA":"Virginia","WA":"Washington","WV":"West Virginia","WI":"Wisconsin","WY":"Wyoming"}}}