{
    "RU": {
        "name": "Russia",
        "states": {
            "AD": "Adygea",
            "ALT": "Altai Krai",
            "AL": "Altai Republic",
            "AMU": "Amur Oblast",
            "ARK": "Arkhangelsk Oblast",
            "AST": "Astrakhan Oblast",
            "BA": "Bashkortostan",
            "BEL": "Belgorod Oblast",
            "BRY": "Bryansk Oblast",
            "BU": "Buryatia",
            "CE": "Chechnya",
            "CHE": "Chelyabinsk Oblast",
            "CHU": "Chukotka Autonomous Okrug",
            "CU": "Chuvashia",
            "DA": "Dagestan \/ Daghestan",
            "IN": "Ingushetia",
            "IRK": "Irkutsk Oblast",
            "IVA": "Ivanovo Oblast",
            "YEV": "Jewish Autonomous Oblast",
            "KB": "Kabardino-Balkaria",
            "KGD": "Kaliningrad Oblast",
            "KL": "Kalmykia",
            "KLU": "Kaluga Oblast",
            "KAM": "Kamchatka Krai",
            "KC": "Karachay-Cherkessia",
            "KEM": "Kemerovo Oblast",
            "KHA": "Khabarovsk Krai",
            "KK": "Khakassia",
            "KHM": "Khanty-Mansi Autonomous Okrug",
            "KIR": "Kirov Oblast",
            "KO": "Komi Republic",
            "KOS": "Kostroma Oblast",
            "KDA": "Krasnodar Krai",
            "KYA": "Krasnoyarsk Krai",
            "KGN": "Kurgan Oblast",
            "KRS": "Kursk Oblast",
            "LEN": "Leningrad Oblast",
            "LIP": "Lipetsk Oblast",
            "MAG": "Magadan Oblast",
            "ME": "Mari El",
            "MO": "Mordovia \/ Mordovinia",
            "MOW": "Moscow",
            "MOS": "Moscow Oblast",
            "MUR": "Murmansk Oblast",
            "NEN": "Nenets Autonomous Okrug",
            "NIZ": "Nizhny Novgorod Oblast",
            "SE": "North Ossetia\u2013Alania",
            "NGR": "Novgorod Oblast",
            "NVS": "Novosibirsk Oblast",
            "OMS": "Omsk Oblast",
            "ORE": "Orenburg Oblast",
            "ORL": "Oryol Oblast",
            "PNZ": "Penza Oblast",
            "PER": "Perm Krai",
            "PRI": "Primorsky Krai",
            "PSK": "Pskov Oblast",
            "KR": "Republic of Karelia",
            "ROS": "Rostov Oblast",
            "RYA": "Ryazan Oblast",
            "SPE": "Saint Petersburg",
            "SA": "Sakha Republic",
            "SAK": "Sakhalin Oblast",
            "SAM": "Samara Oblast",
            "SAR": "Saratov Oblast",
            "SMO": "Smolensk Oblast",
            "STA": "Stavropol Krai",
            "SVE": "Sverdlovsk Oblast",
            "TAM": "Tambov Oblast",
            "TA": "Tatarstan",
            "TOM": "Tomsk Oblast",
            "TUL": "Tula Oblast",
            "TY": "Tuva",
            "TVE": "Tver Oblast",
            "TYU": "Tyumen Oblast",
            "UD": "Udmurtia",
            "ULY": "Ulyanovsk Oblast",
            "VLA": "Vladimir Oblast",
            "VGG": "Volgograd Oblast",
            "VLG": "Vologda Oblast",
            "VOR": "Voronezh Oblast",
            "YAN": "Yamalo-Nenets Autonomous Okrug",
            "YAR": "Yaroslavl Oblast",
            "ZAB": "Zabaykalsky Krai"
        }
    },
    "US": {
        "name": "USA",
        "states": {
            "AL": "Alabama",
            "AK": "Alaska",
            "AS": "American Samoa",
            "AZ": "Arizona",
            "AR": "Arkansas",
            "CA": "California",
            "CO": "Colorado",
            "CT": "Connecticut",
            "DE": "Delaware",
            "DC": "District of Columbia",
            "FM": "Federated States of Micronesia",
            "FL": "Florida",
            "GA": "Georgia",
            "GU": "Guam",
            "HI": "Hawaii",
            "ID": "Idaho",
            "IL": "Illinois",
            "IN": "Indiana",
            "IA": "Iowa",
            "KS": "Kansas",
            "KY": "Kentucky",
            "LA": "Louisiana",
            "ME": "Maine",
            "MH": "Marshall Islands",
            "MD": "Maryland",
            "MA": "Massachusetts",
            "MI": "Michigan",
            "MN": "Minnesota",
            "MS": "Mississippi",
            "MO": "Missouri",
            "MT": "Montana",
            "NE": "Nebraska",
            "NV": "Nevada",
            "NH": "New Hampshire",
            "NJ": "New Jersey",
            "NM": "New Mexico",
            "NY": "New York",
            "NC": "North Carolina",
            "ND": "North Dakota",
            "MP": "Northern Mariana Islands",
            "OH": "Ohio",
            "OK": "Oklahoma",
            "OR": "Oregon",
            "PW": "Palau",
            "PA": "Pennsylvania",
            "PR": "Puerto Rico",
            "RI": "Rhode Island",
            "SC": "South Carolina",
            "SD": "South Dakota",
            "TN": "Tennessee",
            "TX": "Texas",
            "UT": "Utah",
            "VT": "Vermont",
            "VI": "Virgin Islands",
            "VA": "Virginia",
            "WA": "Washington",
            "WV": "West Virginia",
            "WI": "Wisconsin",
            "WY": "Wyoming"
        }
    },
    "IT": {
        "name": "Italy",
        "states": {
            "AG": "Agrigento",
            "AL": "Alessandria",
            "AN": "Ancona",
            "AO": "Aosta",
            "AR": "Arezzo",
            "AP": "Ascoli Piceno",
            "AT": "Asti",
            "AV": "Avellino",
            "BA": "Bari",
            "BT": "Barletta-Andria-Trani",
            "BL": "Belluno",
            "BN": "Benevento \/ Beneventum",
            "BG": "Bergamo",
            "BI": "Biella",
            "BO": "Bologna",
            "BZ": "Bolzano \/ Bozen",
            "BS": "Brescia",
            "BR": "Brindisi",
            "CA": "Cagliari",
            "CL": "Caltanissetta",
            "CB": "Campobasso",
            "CI": "Carbonia-Iglesias",
            "CE": "Caserta",
            "CT": "Catania",
            "CZ": "Catanzaro",
            "CH": "Chieti",
            "CO": "Como",
            "CS": "Cosenza",
            "CR": "Cremona",
            "KR": "Crotone",
            "CN": "Cuneo",
            "EN": "Enna",
            "FM": "Fermo",
            "FE": "Ferrara",
            "FI": "Florence",
            "FG": "Foggia",
            "FC": "Forl\u00ec-Cesena",
            "FR": "Frosinone",
            "GE": "Genoa",
            "GO": "Gorizia",
            "GR": "Grosseto",
            "IM": "Imperia",
            "IS": "Isernia",
            "AQ": "L'Aquila",
            "SP": "La Spezia",
            "LT": "Latina",
            "LE": "Lecce",
            "LC": "Lecco",
            "LI": "Livorno",
            "LO": "Lodi",
            "LU": "Lucca",
            "MC": "Macerata",
            "MN": "Mantua",
            "MS": "Massa-Carrara",
            "MT": "Matera",
            "VS": "Medio Campidano",
            "ME": "Messina",
            "MI": "Milan",
            "MO": "Modena",
            "MB": "Monza e Brianza",
            "NA": "Naples",
            "NO": "Novara",
            "NU": "Nuoro",
            "OG": "Ogliastra",
            "OT": "Olbia-Tempio",
            "OR": "Oristano",
            "PD": "Padua",
            "PA": "Palermo",
            "PR": "Parma",
            "PV": "Pavia",
            "PG": "Perugia",
            "PU": "Pesaro e Urbino",
            "PE": "Pescara",
            "PC": "Piacenza",
            "PI": "Pisa",
            "PT": "Pistoia",
            "PN": "Pordenone",
            "PZ": "Potenza",
            "PO": "Prato",
            "RG": "Ragusa",
            "RA": "Ravenna",
            "RC": "Reggio Calabria",
            "RE": "Reggio Emilia",
            "RSM": "Repubblica di San Marino",
            "RI": "Rieti",
            "RN": "Rimini",
            "RM": "Rome",
            "RO": "Rovigo",
            "SA": "Salerno",
            "SS": "Sassari",
            "SV": "Savona",
            "SI": "Siena",
            "SO": "Sondrio",
            "SR": "Syracuse",
            "TA": "Taranto",
            "TE": "Teramo",
            "TR": "Terni",
            "TP": "Trapani",
            "TN": "Trento",
            "TV": "Treviso",
            "TS": "Trieste",
            "TO": "Turin",
            "UD": "Udine",
            "VA": "Varese",
            "VE": "Venice",
            "VB": "Verbano-Cusio-Ossola",
            "VC": "Vercelli",
            "VR": "Verona",
            "VV": "Vibo Valentia",
            "VI": "Vicenza",
            "VT": "Viterbo"
        }
    },
    "CN": {
        "name": "China",
        "states": {
            "ANHU": "Anhui",
            "BEIJ": "Beijing",
            "CHON": "Chongqing",
            "FUJI": "Fujian",
            "GANS": "Gansu",
            "GUAN": "Guangdong",
            "GUAG": "Guangxi",
            "GUIZ": "Guizhou",
            "HAIN": "Hainan",
            "HEBE": "Hebei",
            "HEIL": "Heilongjiang",
            "HENA": "Henan",
            "HUBE": "Hubei",
            "HUNA": "Hunan",
            "JIAN": "Jiangsu",
            "JIAG": "Jiangxi",
            "JILI": "Jilin",
            "LIAO": "Liaoning",
            "MONG": "Nei Mongol",
            "NING": "Ningxia",
            "QING": "Qinghai",
            "SHAA": "Shaanxi",
            "SHAN": "Shandong",
            "SHAG": "Shanghai",
            "SHAX": "Shanxi",
            "SICH": "Sichuan",
            "TIAN": "Tianjin",
            "XINJ": "Xinjiang Uygur",
            "TIBE": "Xizang",
            "YUNA": "Yunnan",
            "ZHEJ": "Zhejiang"
        }
    }
}