[
    {
        "Code" : "GB",
        "Name" : "United Kingdom",
        "States" : {
            "Avon" : "Avon",
            "Bedfordshire" : "Bedfordshire",
            "Berkshire" : "Berkshire",
            "Buckinghamshire" : "Buckinghamshire",
            "Cambridgeshire" : "Cambridgeshire",
            "Cheshire" : "Cheshire",
            "Cleveland" : "Cleveland",
            "Cornwall" : "Cornwall",
            "Cumberland" : "Cumberland",
            "Cumbria" : "Cumbria",
            "Derbyshire" : "Derbyshire",
            "Devon" : "Devon",
            "Dorset" : "Dorset",
            "County Durham" : "County Durham",
            "Essex" : "Essex",
            "Gloucestershire" : "Gloucestershire",
            "Greater London" : "Greater London",
            "Greater Manchester" : "Greater Manchester",
            "Hampshire" : "Hampshire",
            "Herefordshire" : "Herefordshire",
            "Hertfordshire" : "Hertfordshire",
            "Humberside" : "Humberside",
            "Huntingdonshire" : "Huntingdonshire",
            "Isle of Wight" : "Isle of Wight",
            "Kent" : "Kent",
            "Lancashire" : "Lancashire",
            "Leicestershire" : "Leicestershire",
            "Lincolnshire" : "Lincolnshire",
            "London" : "London",
            "Merseyside" : "Merseyside",
            "Middlesex" : "Middlesex",
            "Norfolk" : "Norfolk",
            "Northamptonshire" : "Northamptonshire",
            "Northumberland" : "Northumberland",
            "Nottinghamshire" : "Nottinghamshire",
            "Oxfordshire" : "Oxfordshire",
            "Rutland" : "Rutland",
            "Shropshire" : "Shropshire",
            "Somerset" : "Somerset",
            "Staffordshire" : "Staffordshire",
            "Suffolk" : "Suffolk",
            "Surrey" : "Surrey",
            "Sussex" : "Sussex",
            "Tyne and Wear" : "Tyne and Wear",
            "Warwickshire" : "Warwickshire",
            "West Midlands" : "West Midlands",
            "Westmorland" : "Westmorland",
            "Wiltshire" : "Wiltshire",
            "Worcestershire" : "Worcestershire",
            "Yorkshire" : "Yorkshire",
            "County Antrim" : "County Antrim",
            "County Armagh" : "County Armagh",
            "County Londonderry" : "County Londonderry",
            "County Down" : "County Down",
            "County Fermanagh" : "County Fermanagh",
            "County Tyrone" : "County Tyrone",
            "Aberdeenshire" : "Aberdeenshire",
            "Angus" : "Angus",
            "Argyll" : "Argyll",
            "Ayrshire" : "Ayrshire",
            "Banffshire" : "Banffshire",
            "Berwickshire" : "Berwickshire",
            "Buteshire" : "Buteshire",
            "Caithness" : "Caithness",
            "Clackmannanshire" : "Clackmannanshire",
            "Cromartyshire" : "Cromartyshire",
            "Dumfriesshire" : "Dumfriesshire",
            "Dunbartonshire" : "Dunbartonshire",
            "East Lothian" : "East Lothian",
            "Fife" : "Fife",
            "Inverness-shire" : "Inverness-shire",
            "Kinross-shire" : "Kinross-shire",
            "Kirkcudbrightshire" : "Kirkcudbrightshire",
            "Lanarkshire" : "Lanarkshire",
            "Midlothian" : "Midlothian",
            "Morayshire" : "Morayshire",
            "Nairnshire" : "Nairnshire",
            "Orkney" : "Orkney",
            "Peeblesshire" : "Peeblesshire",
            "Perthshire" : "Perthshire",
            "Renfrewshire" : "Renfrewshire",
            "Ross-shire" : "Ross-shire",
            "Roxburghshire" : "Roxburghshire",
            "Selkirkshire" : "Selkirkshire",
            "Shetland" : "Shetland",
            "Stirlingshire" : "Stirlingshire",
            "Sutherland" : "Sutherland",
            "West Lothian" : "West Lothian",
            "Wigtownshire" : "Wigtownshire",
            "Anglesey" : "Anglesey",
            "Brecknockshire" : "Brecknockshire",
            "Caernarfonshire" : "Caernarfonshire",
            "Cardiganshire" : "Cardiganshire",
            "Carmarthenshire" : "Carmarthenshire",
            "Clwyd" : "Clwyd",
            "Denbighshire" : "Denbighshire",
            "Dyfed" : "Dyfed",
            "Flintshire" : "Flintshire",
            "Glamorgan" : "Glamorgan",
            "Gwent" : "Gwent",
            "Gwynedd" : "Gwynedd",
            "Merionethshire" : "Merionethshire",
            "Monmouthshire" : "Monmouthshire",
            "Montgomeryshire" : "Montgomeryshire",
            "Pembrokeshire" : "Pembrokeshire",
            "Powys" : "Powys",
            "Radnorshire" : "Radnorshire"
        }
    },
    {
        "Code" : "CN",
        "Name" : "China",
        "States" : {
            "Beijing Municipality" : "Beijing Municipality",
            "Tianjin Municipality" : "Tianjin Municipality",
            "Hebei Province" : "Hebei Province",
            "Shanxi Province" : "Shanxi Province",
            "Inner Mongolia Autonomous Region" : "Inner Mongolia Autonomous Region",
            "Liaoning Province" : "Liaoning Province",
            "Jilin Province" : "Jilin Province",
            "Heilongjiang Province" : "Heilongjiang Province",
            "Shanghai Municipality" : "Shanghai Municipality",
            "Jiangsu Province" : "Jiangsu Province",
            "Zhejiang Province" : "Zhejiang Province",
            "Anhui Province" : "Anhui Province",
            "Fujian Province" : "Fujian Province",
            "Jiangxi Province" : "Jiangxi Province",
            "Shandong Province" : "Shandong Province",
            "Henan Province" : "Henan Province",
            "Hubei Province" : "Hubei Province",
            "Hunan Province" : "Hunan Province",
            "Guangdong Province" : "Guangdong Province",
            "Guangxi Zhuang Autonomous Region" : "Guangxi Zhuang Autonomous Region",
            "Hainan Province" : "Hainan Province",
            "Chongqing Municipality" : "Chongqing Municipality",
            "Sichuan Province" : "Sichuan Province",
            "Guizhou Province" : "Guizhou Province",
            "Yunnan Province" : "Yunnan Province",
            "Tibet Autonomous Region" : "Tibet Autonomous Region",
            "Shaanxi Province" : "Shaanxi Province",
            "Gansu Province" : "Gansu Province",
            "Qinghai Province" : "Qinghai Province",
            "Ningxia Hui Autonomous Region" : "Ningxia Hui Autonomous Region",
            "Xinjiang Uyghur Autonomous Region" : "Xinjiang Uyghur Autonomous Region",
            "Hong Kong Special Administrative Region" : "Hong Kong Special Administrative Region",
            "Macau Special Administrative Region" : "Macau Special Administrative Region",
            "Taiwan Province" : "Taiwan Province"
        }
    },
    {
        "Code" : "JP",
        "Name" : "Japan",
        "States" : {
            "Aichi" : "Aichi",
            "Akita" : "Akita",
            "Aomori" : "Aomori",
            "Chiba" : "Chiba",
            "Ehime" : "Ehime",
            "Fukui" : "Fukui",
            "Fukuoka" : "Fukuoka",
            "Fukushima" : "Fukushima",
            "Gifu" : "Gifu",
            "Gunma" : "Gunma",
            "Hiroshima" : "Hiroshima",
            "Hokkaidō" : "Hokkaidō",
            "Hyōgo" : "Hyōgo",
            "Ibaraki" : "Ibaraki",
            "Ishikawa" : "Ishikawa",
            "Iwate" : "Iwate",
            "Kagawa" : "Kagawa",
            "Kagoshima" : "Kagoshima",
            "Kanagawa" : "Kanagawa",
            "Kōchi" : "Kōchi",
            "Kumamoto" : "Kumamoto",
            "Kyōto" : "Kyōto",
            "Mie" : "Mie",
            "Miyagi" : "Miyagi",
            "Miyazaki" : "Miyazaki",
            "Nagano" : "Nagano",
            "Nagasaki" : "Nagasaki",
            "Nara" : "Nara",
            "Niigata" : "Niigata",
            "Ōita" : "Ōita",
            "Okayama" : "Okayama",
            "Okinawa" : "Okinawa",
            "Ōsaka" : "Ōsaka",
            "Saga" : "Saga",
            "Saitama" : "Saitama",
            "Shiga" : "Shiga",
            "Shimane" : "Shimane",
            "Shizuoka" : "Shizuoka",
            "Tochigi" : "Tochigi",
            "Tokushima" : "Tokushima",
            "Tōkyō" : "Tōkyō",
            "Tottori" : "Tottori",
            "Toyama" : "Toyama",
            "Wakayama" : "Wakayama",
            "Yamagata" : "Yamagata",
            "Yamaguchi" : "Yamaguchi",
            "Yamanashi" : "Yamanashi"
        }
    },
    {
        "Code" : "US",
        "Name" : "United States",
        "States" : {
            "AL" : "Alabama",
            "AK" : "Alaska",
            "AZ" : "Arizona",
            "AR" : "Arkansas",
            "AA" : "Armed Forces - Amer",
            "AE" : "Armed Forces - Ejea",
            "AP" : "Armed Forces Pacific",
            "CA" : "California",
            "CO" : "Colorado",
            "CT" : "Connecticut",
            "DE" : "Delaware",
            "DC" : "District Of Columbia",
            "FL" : "Florida",
            "GA" : "Georgia",
            "HI" : "Hawaii",
            "ID" : "Idaho",
            "IL" : "Illinois",
            "IN" : "Indiana",
            "IA" : "Iowa",
            "KS" : "Kansas",
            "KY" : "Kentucky",
            "LA" : "Louisiana",
            "ME" : "Maine",
            "MP" : "Mariana Islands",
            "MH" : "Marshal Islands",
            "MD" : "Maryland",
            "MA" : "Massachusetts",
            "MI" : "Michigan",
            "MN" : "Minnesota",
            "MS" : "Mississippi",
            "MO" : "Missouri",
            "MT" : "Montana",
            "NE" : "Nebraska",
            "NV" : "Nevada",
            "NH" : "New Hampshire",
            "NJ" : "New Jersey",
            "NM" : "New Mexico",
            "NY" : "New York",
            "NC" : "North Carolina",
            "ND" : "North Dakota",
            "OH" : "Ohio",
            "OK" : "Oklahoma",
            "OR" : "Oregon",
            "PA" : "Pennsylvania",
            "RI" : "Rhode Island",
            "SC" : "South Carolina",
            "SD" : "South Dakota",
            "TN" : "Tennessee",
            "TX" : "Texas",
            "UT" : "Utah",
            "VT" : "Vermont",
            "VI" : "Virgin Islands",
            "VA" : "Virginia",
            "WA" : "Washington",
            "WV" : "West Virginia",
            "WI" : "Wisconsin",
            "WY" : "Wyoming"
        }
    },
    {
        "Code" : "CA",
        "Name" : "Canada",
        "States" : {
            "AB" : "Alberta",
            "BC" : "British Columbia",
            "MB" : "Manitoba",
            "NB" : "New Brunswick",
            "NL" : "Newfoundland/labrador",
            "NT" : "Northwest Territories",
            "NS" : "Nova Scotia",
            "NU" : "Nunavut",
            "ON" : "Ontario",
            "PE" : "Prince Edward Island",
            "QC" : "Quebec",
            "SK" : "Saskatchewan",
            "YT" : "Yukon"
        }
    }
]