{
    "AU": {
        "name": "Australia",
        "states": {
            "ACT": "Australian Capital Territory",
            "ANS": "New South Wales",
            "ANT": "Northern Territory",
            "AQL": "Queensland",
            "ASA": "South Australia",
            "ATS": "Tasmania",
            "AVI": "Victoria",
            "AWA": "Western Australia",
            "RE48": "Jervis Bay Territory"
        }
    },
    "BR": {
        "name": "Brazil",
        "states": {
            "BAC": "Acre",
            "BAL": "Alagoas",
            "BAM": "Amazonas",
            "BAP": "Amap\u00e1",
            "BBA": "Bahia",
            "BCE": "Cear\u00e1",
            "BDF": "Distrito Federal",
            "BES": "Espirito Santo",
            "BGO": "Goi\u00e1s",
            "BMA": "Maranh\u00e3o",
            "BMG": "Minas Gerais",
            "BMS": "Mato Grosso Do Sul",
            "BMT": "Mato Grosso",
            "BPA": "Par\u00e1",
            "BPB": "Para\u00edba",
            "BPE": "Pernambuco",
            "BPI": "Piaui",
            "BPR": "Paran\u00e1",
            "BRJ": "Rio De Janeiro",
            "BRN": "Rio Grande Do Norte",
            "BRO": "Rond\u00f4nia",
            "BRR": "Roraima",
            "BRS": "Rio Grande Do Sul",
            "BSC": "Santa Catarina",
            "BSE": "Sergipe",
            "BSP": "S\u00e3o Paulo",
            "BTO": "Tocantins"
        }
    },
    "CA": {
        "name": "Canada",
        "states": {
            "CAL": "Alberta",
            "CBC": "British Columbia",
            "CMB": "Manitoba",
            "CNB": "New Brunswick",
            "CNF": "Newfounland And Labrador",
            "CNS": "Nova Scotia",
            "CNU": "Nunavut",
            "CNWT": "Northwest Territory",
            "CON": "Ontario",
            "CPI": "Prince Edward Island",
            "CQC": "Quebec",
            "CSK": "Saskatchewan",
            "CYT": "Yukon"
        }
    },
    "MX": {
        "name": "Mexico",
        "states": {
            "AGU": "Aguascalientes",
            "BCN": "Baja California",
            "BCS": "Baja California Sur",
            "CAM": "Campeche",
            "CHH": "Chihuahua",
            "CHP": "Chiapas",
            "COA": "Coahuila",
            "COL": "Colima",
            "DIF": "Federal District",
            "DUR": "Durango",
            "GRO": "Guerrero",
            "GUA": "Guanajuato",
            "HID": "Hidalgo",
            "JAL": "Jalisco",
            "MEX": "Mexico State",
            "MIC": "Michoac\u00e1n",
            "MOR": "Morelos",
            "NAY": "Nayarit",
            "NLE": "Nuevo Le\u00f3n",
            "OAX": "Oaxaca",
            "PUE": "Puebla",
            "QUE": "Quer\u00e9taro",
            "ROO": "Quintana Roo",
            "SIN": "Sinaloa",
            "SLP": "San Luis Potos\u00ed",
            "SON": "Sonora",
            "TAB": "Tabasco",
            "TAM": "Tamaulipas",
            "TLA": "Tlaxcala",
            "VER": "Veracruz",
            "YUC": "Yucat\u00e1n",
            "ZAC": "Zacatecas"
        }
    },
    "US": {
        "name": "United States",
        "states": {
            "UAK": "Alaska",
            "UAL": "Alabama",
            "UAR": "Arkansas",
            "UAZ": "Arizona",
            "UCA": "California",
            "UCO": "Colorado",
            "UCT": "Connecticut",
            "UDC": "District Of Columbia",
            "UDE": "Delaware",
            "UFL": "Florida",
            "UGA": "Georgia",
            "UHI": "Hawaii",
            "UIA": "Iowa",
            "UID": "Idaho",
            "UIL": "Illinois",
            "UIN": "Indiana",
            "UKS": "Kansas",
            "UKY": "Kentucky",
            "ULA": "Louisiana",
            "UMA": "Massachusetts",
            "UMD": "Maryland",
            "UME": "Maine",
            "UMI": "Michigan",
            "UMN": "Minnesota",
            "UMO": "Missouri",
            "UMS": "Mississippi",
            "UMT": "Montana",
            "UNC": "North Carolina",
            "UND": "North Dakota",
            "UNE": "Nebraska",
            "UNH": "New Hampshire",
            "UNJ": "New Jersey",
            "UNM": "New Mexico",
            "UNV": "Nevada",
            "UNY": "New York",
            "UOH": "Ohio",
            "UOK": "Oklahoma",
            "UOR": "Oregon",
            "UPA": "Pennsylvania",
            "UPR": "Puerto Rico",
            "URI": "Rhode Island",
            "USC": "South Carolina",
            "USD": "South Dakota",
            "UTN": "Tennessee",
            "UTX": "Texas",
            "UUT": "Utah",
            "UVA": "Virginia",
            "UVT": "Vermont",
            "UWA": "Washington",
            "UWI": "Wisconsin",
            "UWV": "West Virginia",
            "UWY": "Wyoming"
        }
    }
}