{"Alabama":[["BHM","Birmingham","Birmingham"],["DHN","Dothan","Dothan"],["HSV","Huntsville International_Carl T. Jones","Huntsville"],["MOB","Mobile Regl","Mobile"],["MGM","Dannelly","Montgomery"]],"Alaska":[["ANC","Ted Stevens Anchorage","Anchorage"],["BRW","Wiley Post_W.Rogers M","Barrow Wiley Post"],["BET","Bethel","Bethel"],["CDV","Mudhole Smith","Cordova"],["FAI","Fairbanks","Fairbanks"],["GST","Gustavus","Gustavus"],["JNU","Juneau","Juneau"],["KTN","Ketchikan","Ketchikan"],["AKN","King Salmon","King Salmon"],["ADQ","Kodiak","Kodiak"],["OME","Nome","Nome"],["PSG","Petersburg James A Johnson","Petersburg"],["SIT","Sitka","Sitka"],["YAK","Yakutat","Yakutat"]],"Arizona":[["PHX","Sky Harbor","Phoenix"],["TUS","Tucson","Tucson"]],"Arkansas":[["XNA","Northwest Arkansas Reg","Fayetteville_NW Reg"],["FSM","Regional","Fort Smith"],["LIT","Bill and Hillary Clinton","Little Rock"]],"California":[["BUR","Bob Hope","Burbank"],["FAT","Fresno Air Terminal","Fresno"],["LGB","Long Beach","Long Beach"],["LAX","Los Angeles","Los Angeles"],["MMH","Mammoth Lakes","Mammoth Lakes"],["MRY","Monterey Peninsula","Monterey"],["OAK","Metro Oakland","Oakland"],["ONT","Ontario","Ontario"],["SNA","John Wayne","Orange County"],["PSP","Palm Springs Regl","Palm Springs"],["SMF","Sacramento","Sacramento"],["SAN","San Diego Intl_Lindbergh","San Diego"],["SFO","San Francisco","San Francisco"],["SJC","Norman Y Mineta San Jose","San Jose"],["SBA","Santa Barbara Municipal","Santa Barbara"],["STS","Sonoma County","Santa Rosa"]],"Colorado":[["ASE","Aspen","Aspen"],["COS","Colorado Springs","Colorado Springs"],["DEN","Denver","Denver"],["GJT","Walker","Grand Junction"],["HDN","Yampa Valley","Hayden"],["MTJ","Montrose Regional","Montrose"],["PUB","Pueblo Memorial","Pueblo"],["EGE","Eagle County","Vail"]],"Connecticut":[["BDL","Bradley","Hartford_Springfield"]],"District Of Columbia":[["WAS","IAD_DCA_BWI","Washington Area Airports"],["IAD","Washington Dulles","Washington_Dulles"],["DCA","Ronald Reagan Washington","Washington_Reagan"]],"Florida":[["DAB","Daytona Beach","Daytona Beach"],["VPS","Destin_Fort Walton Beach","Destin_Fort Walton Beach"],["FLL","Ft Lauderdale_Hollywood","Fort Lauderdale"],["RSW","Southwest Florida","Fort Myers"],["GNV","Gainesville Regl","Gainesville"],["JAX","Jacksonville","Jacksonville"],["EYW","Key West","Key West"],["MLB","Melbourne","Melbourne"],["MIA","Miami","Miami"],["MCO","Orlando","Orlando"],["ECP","Northwest Florida Beaches","Panama City"],["PNS","Pensacola Regl","Pensacola"],["SRQ","Sarasota_Bradenton","Sarasota_Bradenton"],["TLH","Tallahassee Regl","Tallahassee"],["TPA","Tampa","Tampa"],["PBI","Palm Beach","West Palm Beach"]],"Georgia":[["ABY","Dougherty County","Albany"],["ATL","Hartsfield_Jackson Atlanta","Atlanta"],["AGS","Bush Field","Augusta"],["BQK","Glynco Jetport","Brunswick_Golden Isles"],["CSG","Columbus Metro","Columbus"],["SAV","Savannah_Hilton Head","Savannah"],["VLD","Valdosta Regl","Valdosta"]],"Hawaii":[["ITO","Hilo","Hilo"],["HNL","Honolulu","Honolulu"],["OGG","Kahului","Kahului"],["KOA","Kona","Kona"],["LIH","Lihue","Lihue"]],"Idaho":[["BOI","Boise Air Terminal_Gowen Field","Boise"],["IDA","Fanning","Idaho Falls"],["LWS","Nez Perce County Rgnl","Lewiston"],["PIH","Pocatello Regl","Pocatello"],["SUN","Sun Valley","Sun Valley"],["TWF","Twin Falls_Sun Valley Regl_Jo*","Twin Falls"]],"Illinois":[["BMI","Bloomington Normal","Bloomington"],["CHI","ORD_MDW","Chicago Area Airports"],["MDW","Chicago_Midway","Chicago_Midway"],["ORD","O Hare","Chicago_Ohare"],["MLI","Quad Cities","Moline_Quad Cities"],["PIA","Greater Peoria Regional","Peoria"]],"Indiana":[["EVV","Evansville Regl","Evansville"],["FWA","Municipal_Baer Field","Fort Wayne"],["IND","Indianapolis","Indianapolis"],["SBN","South Bend Regional","South Bend"]],"Iowa":[["CID","Cedar Rapids","Cedar Rapids"],["DSM","Des Moines","Des Moines"]],"Kansas":[["LBL","Liberal Mid_America Regional","Liberal"],["ICT","Wichita Eisenhower","Wichita"]],"Kentucky":[["LEX","Blue Grass","Lexington"],["SDF","Louisville Intl_Standiford","Louisville"]],"Louisiana":[["AEX","Alexandria","Alexandria"],["BTR","Ryan","Baton Rouge"],["LFT","Lafayette Regl","Lafayette"],["MLU","Monroe Regl","Monroe"],["MSY","Louis Armstrong New Orleans","New Orleans"],["SHV","Shreveport Regl","Shreveport"]],"Maine":[["BGR","Bangor","Bangor"],["PWM","Portland","Portland"]],"Maryland":[["BWI","Baltimore_Washington Intl Thurgood Marshall","Baltimore"]],"Massachusetts":[["BOS","Logan","Boston"],["MVY","Marthas Vineyard","Marthas Vineyard"],["ACK","Nantucket Memorial","Nantucket"]],"Michigan":[["APN","Alpena County Regional","Alpena"],["MBS","Tri_City","Bay City"],["DTW","Detroit Metro","Detroit"],["ESC","Delta County","Escanaba"],["FNT","Bishop","Flint"],["GRR","Gerald R. Ford","Grand Rapids"],["IMT","Ford","Iron Mountain"],["AZO","Kalamazoo_Battle Creek","Kalamazoo"],["LAN","Capital City","Lansing"],["MQT","Sawyer","Marquette"],["PLN","Emmet County","Pellston"],["CIU","Chippewa County","Sault Ste Marie"],["TVC","Cherry Capital","Traverse City"]],"Minnesota":[["BJI","Bemidji","Bemidji"],["BRD","Brainerd Lakes Regional","Brainerd"],["DLH","Duluth","Duluth"],["HIB","Chisholm","Hibbing"],["INL","Falls","Falls"],["MSP","Minneapolis_St Paul","Minneapolis_St Paul"],["RST","Rochester Municipal","Rochester"],["TVF","Regional","Thief River Falls"]],"Mississippi":[["GTR","Golden Triangle Regl","Columbus"],["GPT","Gulfport_Biloxi Regl","Gulfport"],["JAN","Jackson_evers","Jackson"]],"Missouri":[["CGI","Cape Girardeau","Cape Girardeau"],["MCI","Kansas City","Kansas City"],["SGF","Springfield_Branson Rg","Springfield"],["STL","Lambert_St Louis","St Louis"]],"Montana":[["BIL","Billings","Billings"],["BZN","Gallatin","Bozeman_Big Sky"],["BTM","Bert Mooney","Butte"],["GTF","Great Falls","Great Falls"],["HLN","Helena Regl","Helena"],["FCA","Glacier Park","Kalispell"],["MSO","Missoula","Missoula"],["WYS","West Yellowstone Municipal","West Yellowstone"]],"Nebraska":[["EAR","Kearney Regional","Kearney"],["LNK","Lincoln","Lincoln"],["OMA","Eppley","Omaha"]],"Nevada":[["EKO","Elko Regional","Elko"],["LAS","Mc Carran","Las Vegas"],["RNO","Reno_Tahoe","Reno"]],"New Hampshire":[["MHT","Manchester","Manchester"]],"New Jersey":[["EWR","Newark Liberty","Newark"]],"New Mexico":[["ABQ","Albuquerque","Albuquerque"]],"New York":[["ALB","Albany","Albany"],["BGM","Greater Binghamton","Binghamton"],["BUF","Buffalo Niagara","Buffalo"],["ELM","Elmira Corning Regional","Elmira"],["ITH","Tompkins County","Ithaca"],["NYC","LGA_JFK_EWR_SWF","New York Area Airports"],["JFK","John F Kennedy","New York_Kennedy"],["LGA","La Guardia","New York_La Guardia"],["SWF","Stewart","Newburgh"],["OGS","Ogdensburg","Ogdensburg"],["ROC","Greater Rochester","Rochester"],["SLK","Adirondack","Saranac Lake"],["SYR","Syracuse Hancock","Syracuse"],["HPN","Westchester Co","White Plains"]],"North Carolina":[["AVL","Asheville Regl","Asheville"],["CLT","Charlotte_Douglas","Charlotte"],["FAY","Fayetteville Regl_Grannis","Fayetteville"],["GSO","Piedmont Triad","Greensboro"],["OAJ","Albert J Ellis","Jacksonville"],["EWN","Simmons Nott","New Bern"],["RDU","Raleigh_Durham","Raleigh_Durham"],["ILM","New Hanover","Wilmington"]],"North Dakota":[["BIS","Bismarck","Bismarck"],["FAR","Hector Field","Fargo"],["GFK","Grand Forks","Grand Forks"],["MOT","Minot","Minot"],["ISN","Sloulin Field","Williston"]],"Ohio":[["CAK","Akron_Canton Regional","Akron"],["CVG","Cincinnati_Northern Ky","Cincinnati"],["CLE","Hopkins","Cleveland_Hopkins"],["CMH","John Glenn Columbus","Columbus"],["DAY","James Cox Dayton","Dayton"]],"Oklahoma":[["OKC","Will Rogers World","Oklahoma City"],["TUL","Tulsa","Tulsa"]],"Oregon":[["EUG","Eugene","Eugene"],["MFR","Medford","Medford"],["PDX","Portland","Portland"],["RDM","Roberts Field","Redmond"]],"Pennsylvania":[["ABE","Lehigh Valley","Allentown"],["ERI","International","Erie"],["MDT","Harrisburg","Harrisburg"],["PHL","Philadelphia","Philadelphia"],["PIT","Pittsburgh","Pittsburgh"],["SCE","University Park","State College"],["AVP","Wilkes_Barre_Scranton","Wilkes_Barre_Scranton"]],"Puerto Rico":[["SJU","Luis Munoz Marin","San Juan"]],"Rhode Island":[["PVD","T.F. Green","Providence"]],"South Carolina":[["CHS","Charleston Afb_Intl","Charleston"],["CAE","Metropolitan","Columbia"],["GSP","Greenville_Spartanburg","Greenville_Spartanburg"],["MYR","Myrtle Beach","Myrtle Beach"]],"South Dakota":[["ABR","Aberdeen Municipal","Aberdeen"],["PIR","Pierre","Pierre"],["RAP","Rapid City Regl","Rapid City"],["FSD","Joe Foss Field","Sioux Falls"]],"Tennessee":[["CHA","Lovell Field","Chattanooga"],["TYS","Mc Ghee Tyson","Knoxville"],["MEM","Memphis","Memphis"],["BNA","Nashville","Nashville"],["TRI","Tri_Cities Regional","Tri City"]],"Texas":[["AUS","Austin_Bergstrom","Austin"],["DFW","Dallas_Ft Worth","Dallas_Fort Worth"],["DAL","Love Field","Dallas_Love Field"],["ELP","El Paso","El Paso"],["HRL","Valley","Harlingen_South Padre Island"],["IAH","George Bush Intercontinental","Houston_Bush Intercontl"],["HOU","Hobby","Houston_Hobby"],["GRK","Robert Gray AAF","Killeen"],["SAT","San Antonio","San Antonio"]],"Utah":[["CDC","Cedar City Mun","Cedar City"],["SLC","Salt Lake City","Salt Lake City"],["SGU","St George Mun","St George"]],"Vermont":[["BTV","Burlington","Burlington"]],"Virgin Islands":[["STX","Henry E Rohlsen","St Croix"],["STT","Cyril E King","St Thomas"]],"Virginia":[["CHO","Albemarle","Charlottesville"],["PHF","Newport News_Williamsburg","Newport News"],["ORF","Norfolk","Norfolk"],["RIC","Richmond","Richmond"],["ROA","Roanoke Regl_Woodrum","Roanoke"]],"Washington":[["BLI","Bellingham","Bellingham"],["PSC","Tri_Cities","Pasco_Kennewick"],["PUW","Pullman_Moscow Regional","Pullman"],["SEA","Seattle_Tacoma","Seattle"],["GEG","Spokane","Spokane"],["ALW","Walla Walla","Walla Walla"],["EAT","Pangborn Field","Wenatchee"],["YKM","Yakima Air Terminal","Yakima"]],"West Virginia":[["CRW","Yeager","Charleston"],["LWB","Greenbrier Valley","Lewisburg"]],"Wisconsin":[["ATW","Appleton","Appleton"],["GRB","Austin Straubel Intl.","Green Bay"],["LSE","La Crosse Municipal","La Crosse"],["MSN","Dane County Regional","Madison"],["MKE","Gen Mitchell","Milwaukee"],["RHI","Oneida County","Rhinelander"],["CWA","Central Wisconsin","Wausau"]],"Wyoming":[["CPR","Natrona Co","Casper"],["CYS","Cheyenne Regional","Cheyenne"],["COD","Yellowstone Regional","Cody"],["GCC","Campbell County","Gillette"],["JAC","Jackson Hole","Jackson Hole"]]}